"Timestamp","Marque o campo que compreende sua idade","O gênero com o qual você se identifica","Você trabalha? Se sim, em que tipo de emprego e qual a carga horária semanal?","Qual sua renda mensal?","Você mora com algum outro humano?","Mora em casa ou apartamento?","Pratica atividade física?","Quanto você gosta de animais?","E de pets exóticos, especificamente?","Você já teve algum pet durante a vida?","Você já adotou algum pet?","Atualmente, tem algum em casa?","Até quantos animais de uma vez você teria?","Qual seu animal preferido?","Se você fosse adotar, daria preferência a um pet de que faixa etária?","Se você fosse adotar, preferiria um pet de que porte?","Você tem preferência por:","Você concorda com a comercialização de pets?","Quanto você faz uso de redes sociais durante o dia?","Quantas horas por dia você chega a passar na internet?","Você sente falta de uma companhia?","Você gostaria de que existisse um meio de adoção online que permitisse passar por partes burocráticas mais facilmente, fazendo você precisar apenas se locomover para conhecer o pet e buscá-lo?","Você adotaria por um meio online?","Por último, se desejar, deixe um comentário!"
"2020/03/30 11:32:54 PM GMT-3","18 anos - 25 anos","Masculino","Não. Aposentado.","mais de 4000 reais","Sim, 2","Apartamento","Não","10","6","Sim","Sim","Sim, 1","3","Cachorro ","Filhote","Médio","Ambos","Não possuo opinião definida","5","4","Não","5","Sim",""
"2020/03/30 11:33:13 PM GMT-3","18 anos - 25 anos","Feminino","Sim. Acompanhamento de manutenção predial. 8 - 18","mais de 4000 reais","Sim, 2","Casa","Sim","10","5","Sim","Não","Não","2","Cachorro","Filhote","Grande","Pets de Raça","Não possuo opinião definida","5","5","Sim","3","Não",""
"2020/03/30 11:36:23 PM GMT-3","45 ou mais","Feminino","não aposentada dsd 2004","3001 até 4000 reais","Sim, 1","Casa","Não","10","1","Sim","Sim","Sim, 1","2","Cão e gato, mas prefiro cão","1-3","Pequeno","Ambos","Não","3","5","Sim","3","Sim","Esse tipo de pesquisa é sempre ummomento de reflexão e auto conhecimento."
"2020/03/30 11:37:41 PM GMT-3","18 anos - 25 anos","Feminino","Sim, freelancer de design, a carga horária é variável ","1500 reais ou menos","Sim, 1","Apartamento","Sim","10","6","Sim","Não","Sim, 2","3","Cachorro, porcos.","Filhote","Pequeno","Ambos","Não possuo opinião definida","3","8","Não","4","Sim",""
"2020/03/30 11:37:53 PM GMT-3","36 - 45 anos","Masculino","Transporte 12horas","mais de 4000 reais","Sim, 2","Apartamento","Sim","8","5","Sim","Sim","Sim, 1","1","Cachorro ","1-3","Pequeno","Ambos","Sim","3","2","Não","3","Sim",""
"2020/03/30 11:38:00 PM GMT-3","18 anos - 25 anos","Masculino","Não","1501 até 2000 reais","Sim, 2","Apartamento","Não","10","10","Sim","Sim","Não","2","Golfinho","Filhote","Médio","Ambos","Não","2","8","Não","3","Sim",""
"2020/03/30 11:40:30 PM GMT-3","45 ou mais","Masculino","Empresário","mais de 4000 reais","Sim, 4 ou mais","Apartamento","Não","10","1","Sim","Sim","Sim, 1","2","Cachorro","1-3","Médio","Ambos","Sim","4","2","Sim","4","Sim",""
"2020/03/30 11:40:55 PM GMT-3","18 anos - 25 anos","Masculino","Lavando pratos| 23 horas por semana","1500 reais ou menos","Sim, 2","Casa","Não","10","10","Sim","Sim","Sim, 1","3","Cavalo marinho e estrela do mar ","Filhote","Médio","Ambos","Não possuo opinião definida","5","7","Talvez","5","Sim","Legal"
"2020/03/30 11:46:41 PM GMT-3","36 - 45 anos","Masculino","Sim. Aux adminiatrativo. 40js","1500 reais ou menos","Sim, 2","Casa","Sim","8","3","Sim","Não","Não","1","Cachorro","Filhote","Médio","Ambos","Não possuo opinião definida","5","8","Não","5","Não",""
"2020/03/30 11:47:35 PM GMT-3","26 anos - 35 anos","Feminino","Não
","2001 até 3000 reais","Sim, 2","Apartamento","Não","6","6","Sim","Não","Sim, 1","2","Cachorro","1-3","Mini","Pets de Raça","Sim","5","4","Não","2","Não",""
"2020/03/30 11:47:52 PM GMT-3","18 anos - 25 anos","Feminino","Não","2001 até 3000 reais","Sim, 2","Casa","Sim","5","1","Sim","Não","Não","1","Cachorro","Filhote","Pequeno","Ambos","Sim","3","7","Sim","4","Sim",""
"2020/03/30 11:58:10 PM GMT-3","36 - 45 anos","Masculino","Servidor Público - 40 horas","mais de 4000 reais","Sim, 1","Apartamento","Não","5","4","Sim","Não","Não","1","Cachorro","1-3","Médio","Pets de Raça","Sim","5","8","Não","3","Não",""
"2020/03/31 12:02:11 AM GMT-3","45 ou mais","Masculino","Servidor Público - 40hs","mais de 4000 reais","Sim, 4 ou mais","Casa","Não","6","1","Sim","Sim","Sim, 1","1","Cachorro","Filhote","Pequeno","Pets de Raça","Sim","4","3","Não","3","Não",""
"2020/03/31 12:03:38 AM GMT-3","45 ou mais","Feminino","Informática- 40hrs","2001 até 3000 reais","Sim, 3","Apartamento","Não","4","1","Sim","Não","Não","1","Peixe","Filhote","Pequeno","Ambos","Sim","4","5","Não","3","Não",""
"2020/03/31 12:07:13 AM GMT-3","18 anos - 25 anos","Masculino","Help Desk - 25 horas semanais","1501 até 2000 reais","Sim, 2","Casa","Sim","5","4","Sim","Sim","Sim, 1","1","Cachorro","Filhote","Pequeno","Ambos","Sim","4","7","Talvez","1","Não",""
"2020/03/31 12:12:10 AM GMT-3","18 anos - 25 anos","Feminino","Não ","1500 reais ou menos","Sim, 1","Casa","Sim","7","6","Sim","Sim","Sim, 1","3","Gato","Filhote","Grande","Pets sem raça definida","Não","5","10","Talvez","5","Não","Parabéns!"
"2020/03/31 12:15:45 AM GMT-3","18 anos - 25 anos","Masculino","Não","1500 reais ou menos","Não","Apartamento","Não","10","10","Sim","Sim","Sim, 1","2","Gato e cachorro","Filhote","Médio","Pets sem raça definida","Não","3","7","Sim","5","Sim",""
"2020/03/31 12:17:18 AM GMT-3","18 anos - 25 anos","Feminino","Não.","1500 reais ou menos","Sim, 3","Apartamento","Não","10","10","Sim","Sim","Sim, 2","3","cachorro","Filhote","Médio","Ambos","Não","5","8","Não","5","Sim","Algumas ongs ja tem um processo semelhante (ex. Patas Dadas)"
"2020/03/31 12:18:47 AM GMT-3","18 anos - 25 anos","Feminino","Iniciação científica 20h","mais de 4000 reais","Sim, 2","Apartamento","Sim","10","10","Sim","Sim","Sim, 3","4","Cachorro ","Filhote","Mini","Ambos","Não","5","10","Sim","5","Sim",""
"2020/03/31 12:19:11 AM GMT-3","18 anos - 25 anos","Feminino","Não ","1500 reais ou menos","Sim, 2","Apartamento","Sim","10","10","Sim","Sim","Sim, 2","2","Cachorro","8-15","Pequeno","Ambos","Não","5","10","Não","5","Sim",""
"2020/03/31 12:21:13 AM GMT-3","18 anos - 25 anos","Feminino","Sim. Iniciação científica. 20hrs semanais ","1500 reais ou menos","Sim, 2","Apartamento","Sim","10","7","Sim","Sim","Sim, 3","4","Cachorro ","Filhote","Pequeno","Ambos","Não","3","4","Talvez","5","Sim",""
"2020/03/31 12:21:35 AM GMT-3","18 anos - 25 anos","Feminino","Sim, estagiária de iniciação científica, carga horária varia","1500 reais ou menos","Não","Apartamento","Sim","10","3","Sim","Sim","Sim, 1","1","Gato","Filhote","Médio","Pets sem raça definida","Não","4","5","Sim","5","Sim",""
"2020/03/31 12:23:04 AM GMT-3","18 anos - 25 anos","Feminino","Não","","Sim, 2","Casa","Não","10","8","Sim","Sim","Sim, 1","2","Cachorro","Filhote","Pequeno","Ambos","Não","5","5","Não","5","Sim",""
"2020/03/31 12:23:54 AM GMT-3","18 anos - 25 anos","Masculino","Sim, dou aulas particulares, por volta de 8h semanais","1500 reais ou menos","Sim, 3","Casa","Não","8","5","Sim","Sim","Não","2","Gato","Filhote","Grande","Ambos","Não possuo opinião definida","5","10","Sim","5","Sim","Adorei a iniciativa, boa Mexicano <3"
"2020/03/31 12:24:39 AM GMT-3","36 - 45 anos","Feminino","40","mais de 4000 reais","Sim, 1","Apartamento","Não","8","1","Sim","Sim","Não","1","Cao","Filhote","Pequeno","Ambos","Não","5","3","Não","3","Sim",""
"2020/03/31 12:27:58 AM GMT-3","36 - 45 anos","Masculino","Marketing","","Sim, 3","Apartamento","Não","8","1","Sim","Não","Sim, 2","1","Cachorros","Filhote","Médio","Ambos","Sim","5","2","Sim","4","Sim",""
"2020/03/31 12:32:20 AM GMT-3","18 anos - 25 anos","Masculino","nao trabalho ","3001 até 4000 reais","Sim, 4 ou mais","Apartamento","Sim","5","7","Sim","Sim","Sim, 1","1","peixe","Filhote","Mini","Ambos","Não possuo opinião definida","4","2","Talvez","5","Sim",""
"2020/03/31 12:37:24 AM GMT-3","18 anos - 25 anos","Feminino","Estudante","","Sim, 3","Apartamento","Não","10","8","Sim","Sim","Não","3","Cachorro ","1-3","Médio","Ambos","Não","4","4","Sim","3","Sim",""
"2020/03/31 12:40:38 AM GMT-3","18 anos - 25 anos","Feminino","Não ","2001 até 3000 reais","Sim, 1","Apartamento","Não","10","10","Sim","Sim","Sim, 2","10","Todos ","8-15","Médio","Ambos","Não","3","6","Não","3","Não",""
"2020/03/31 12:44:06 AM GMT-3","18 anos - 25 anos","Feminino","não","","Sim, 1","Apartamento","Não","8","3","Sim","Não","Não","2","cachorro","Filhote","Pequeno","Ambos","Não","5","7","Sim","4","Sim",""
"2020/03/31 12:45:33 AM GMT-3","18 anos - 25 anos","Feminino","Não","1500 reais ou menos","Sim, 3","Apartamento","Não","8","6","Sim","Sim","Sim, 1","10","Bicho-preguiça","Filhote","Pequeno","Ambos","Não","5","6","Sim","5","Sim",""
"2020/03/31 12:46:51 AM GMT-3","26 anos - 35 anos","Feminino","Professora, carga horária 44hs","3001 até 4000 reais","Sim, 1","Apartamento","Não","10","10","Sim","Sim","Sim, 2","4","Cachorro, gato, preá e calopsita","Filhote","Pequeno","Ambos","Não","2","3","Talvez","5","Sim",""
"2020/03/31 12:49:56 AM GMT-3","18 anos - 25 anos","Feminino","Não.","1501 até 2000 reais","Sim, 3","Casa","Sim","10","10","Sim","Sim","Sim, 1","2","Não tenho um só, acho que Cães e elefantes","3-5","Médio","Ambos","Não","5","5","Não","5","Sim",""
"2020/03/31 1:02:00 AM GMT-3","26 anos - 35 anos","Feminino","Não","1500 reais ou menos","Sim, 2","Apartamento","Não","4","1","Não","Não","Não","1","Cachorro","Filhote","Pequeno","Ambos","Não possuo opinião definida","5","8","Talvez","3","Não",""
"2020/03/31 1:02:07 AM GMT-3","18 anos - 25 anos","Feminino","Não trabalho.","","Sim, 2","Apartamento","Sim","10","2","Sim","Sim","Sim, 4 ou mais","4","Gato","Filhote","Médio","Pets sem raça definida","Não","5","4","Não","5","Sim",""
"2020/03/31 1:02:09 AM GMT-3","18 anos - 25 anos","Masculino","Bolsista de ciencia","1500 reais ou menos","Sim, 1","Apartamento","Sim","10","1","Sim","Sim","Sim, 1","2","Cachorro e gati","1-3","Médio","Pets sem raça definida","Não","5","3","Talvez","1","Não","Acredito que o fundamental na adoção é a adoção consciente e por isso não pode ser feito online. Segue o modelo do patas dadas que tu vai longe maninho, abração"
"2020/03/31 1:04:41 AM GMT-3","18 anos - 25 anos","Feminino","Não ","1500 reais ou menos","Sim, 2","Casa","Sim","10","7","Sim","Sim","Sim, 2","4","Cachorro","Filhote","Pequeno","Ambos","Não","5","8","Não","3","Sim",""
"2020/03/31 1:09:04 AM GMT-3","18 anos - 25 anos","Feminino","Bolsista de Iniciação Científica","1500 reais ou menos","Sim, 2","Casa","Sim","10","7","Sim","Sim","Sim, 2","5","Cachorro","8-15","Grande","Pets sem raça definida","Não","5","5","Não","5","Sim",""
"2020/03/31 1:21:03 AM GMT-3","18 anos - 25 anos","Masculino","Não","1501 até 2000 reais","Sim, 2","Apartamento","Sim","4","3","Sim","Sim","Sim, 3","3","Gato","Filhote","Médio","Ambos","Não possuo opinião definida","4","7","Não","3","Sim",""
"2020/03/31 1:32:30 AM GMT-3","18 anos - 25 anos","Feminino","Não ","","Sim, 2","Apartamento","Não","10","5","Sim","Sim","Sim, 2","3","Gato ","1-3","Pequeno","Pets sem raça definida","Não","5","4","Talvez","4","Sim",""
"2020/03/31 1:34:08 AM GMT-3","18 anos - 25 anos","Feminino","Não","3001 até 4000 reais","Sim, 1","Apartamento","Não","10","10","Sim","Sim","Sim, 1","3","Cachorro","Filhote","Grande","Pets sem raça definida","Não","5","8","Sim","5","Sim",""
"2020/03/31 2:05:37 AM GMT-3","18 anos - 25 anos","Masculino","Não ","1500 reais ou menos","Sim, 3","Apartamento","Sim","7","4","Sim","Não","Não","1","Cachorro","Filhote","Médio","Ambos","Sim","3","6","Não","3","Sim",""
"2020/03/31 2:12:52 AM GMT-3","18 anos - 25 anos","Masculino","Não","2001 até 3000 reais","Sim, 1","Apartamento","Sim","10","10","Sim","Sim","Não","2","Lobo e Morcego","1-3","Grande","Pets de Raça","Sim","4","10","Sim","5","Sim",""
"2020/03/31 6:22:33 AM GMT-3","26 anos - 35 anos","Masculino","Sim, analista programador, 44h","mais de 4000 reais","Sim, 2","Casa","Não","10","1","Sim","Sim","Sim, 1","2","Cachorro","3-5","Pequeno","Pets sem raça definida","Não","3","2","Não","4","Sim",""
"2020/03/31 6:27:44 AM GMT-3","26 anos - 35 anos","Masculino","Setor privado! 8 horas por dia ","2001 até 3000 reais","Sim, 1","Apartamento","Sim","7","5","Sim","Sim","Não","1","Cachorro","Filhote","Pequeno","Ambos","Não","5","4","Não","3","Sim",""
"2020/03/31 6:33:02 AM GMT-3","18 anos - 25 anos","Feminino","Não","2001 até 3000 reais","Sim, 1","Apartamento","Não","10","8","Não","Não","Não","5","Todos","Filhote","Grande","Ambos","Não","5","10","Sim","5","Sim",""
"2020/03/31 6:33:48 AM GMT-3","18 anos - 25 anos","Feminino","Estágio remunerado","1500 reais ou menos","Sim, 1","Apartamento","Sim","10","8","Sim","Sim","Sim, 1","2","Gato","Filhote","Médio","Pets sem raça definida","Não","4","4","Não","5","Sim",""
"2020/03/31 6:34:21 AM GMT-3","26 anos - 35 anos","Feminino","Coordenadora de mídias- 7h por dia","2001 até 3000 reais","Sim, 2","Apartamento","Não","9","1","Sim","Sim","Sim, 1","2","Cachorro ","1-3","Pequeno","Pets sem raça definida","Não","5","10","Não","4","Sim","Tenho um cachorro adotado, adotei com 3 meses em um abrigo, adotei para ser meu companheiro pois ficava mt sozinha. Ele é sem raça definida. Hoje tenho uma bebê  e ele. "
"2020/03/31 6:51:12 AM GMT-3","36 - 45 anos","Masculino","Supervisor ","3001 até 4000 reais","Sim, 2","Apartamento","Sim","5","1","Sim","Não","Não","1","Cão ","Filhote","Pequeno","Pets de Raça","Sim","3","7","Não","2","Sim",""
"2020/03/31 7:23:32 AM GMT-3","45 ou mais","Masculino","Bancário","mais de 4000 reais","Sim, 1","Apartamento","Não","7","4","Sim","Sim","Não","2","Cachorro","Filhote","Pequeno","Ambos","Sim","3","3","Não","3","Sim",""
"2020/03/31 7:30:01 AM GMT-3","18 anos - 25 anos","Feminino","Sim, Farmácia, 49 horas.","1500 reais ou menos","Sim, 1","Apartamento","Não","10","5","Sim","Sim","Não","3","Cachorro","3-5","Médio","Pets sem raça definida","Não","3","5","Sim","5","Sim","Tá muito lindo"
"2020/03/31 7:30:14 AM GMT-3","45 ou mais","Masculino","Serviço público 8h diárias ","mais de 4000 reais","Sim, 1","Casa","Sim","7","1","Sim","Sim","Sim, 1","2","Cachorro","Filhote","Médio","Pets sem raça definida","Não","3","2","Talvez","4","Sim",""
"2020/03/31 7:30:29 AM GMT-3","18 anos - 25 anos","Masculino","Sim, carteira assinada 40h semanais","1501 até 2000 reais","Sim, 1","Apartamento","Não","8","8","Sim","Sim","Sim, 1","3","Cachorro","Filhote","Grande","Ambos","Não","5","10","Não","3","Sim",""
"2020/03/31 7:59:00 AM GMT-3","26 anos - 35 anos","Feminino","Dona de casa","mais de 4000 reais","Sim, 2","Apartamento","Sim","8","4","Sim","Não","Não","1","Cachorro","Filhote","Pequeno","Ambos","Sim","4","2","Não","3","Sim",""
"2020/03/31 8:27:45 AM GMT-3","18 anos - 25 anos","Masculino","Estagiário ","1500 reais ou menos","Não","Casa","Não","10","6","Sim","Sim","Não","2","Cachorro é gatos ","1-3","Médio","Ambos","Não","3","6","Talvez","5","Sim","Gostei da pesquisa!"
"2020/03/31 8:36:07 AM GMT-3","18 anos - 25 anos","Feminino","Não","1500 reais ou menos","Não","Apartamento","Sim","10","10","Sim","Sim","Não","2","Cachorro","Filhote","Médio","Ambos","Não","1","2","Talvez","5","Sim","Gostei muito da iniciativa. Obrigada por se preocupar com a vida dos animais."
"2020/03/31 8:45:59 AM GMT-3","36 - 45 anos","Feminino","Varejo alimentícios ","mais de 4000 reais","Sim, 1","Apartamento","Não","9","8","Sim","Sim","Não","2","Cachorro ","Filhote","Médio","Ambos","Não","1","1","Não","5","Sim",""
"2020/03/31 8:48:20 AM GMT-3","18 anos - 25 anos","Masculino","Não","","Sim, 2","Apartamento","Sim","8","6","Sim","Não","Sim, 1","2","Cachorro","Filhote","Médio","Ambos","Não possuo opinião definida","5","6","Talvez","5","Sim",""
"2020/03/31 8:53:51 AM GMT-3","26 anos - 35 anos","Outros","MEI /8h","3001 até 4000 reais","Sim, 2","Casa","Sim","10","10","Sim","Não","Sim, 1","2","Gato","Filhote","Médio","Ambos","Não","5","10","Sim","5","Sim",""
"2020/03/31 8:55:28 AM GMT-3","45 ou mais","Feminino","Sim. Em casa","3001 até 4000 reais","Sim, 3","Apartamento","Não","10","1","Sim","Não","Sim, 1","2","Cachorro ","Filhote","Pequeno","Ambos","Não possuo opinião definida","3","3","Sim","4","Sim",""
"2020/03/31 9:04:13 AM GMT-3","18 anos - 25 anos","Feminino","Sim. Administrativo. 6h por dia","1500 reais ou menos","Sim, 2","Apartamento","Sim","7","6","Sim","Não","Sim, 1","2","Gato","1-3","Médio","Pets de Raça","Sim","3","3","Não","1","Não","Que pesquisa muito boa,parabèns 👏👏👏👏. Deus te abençoe."
"2020/03/31 9:05:07 AM GMT-3","36 - 45 anos","Feminino","Contabilidade 30 h/semana","2001 até 3000 reais","Sim, 1","Casa","Sim","10","5","Sim","Sim","Sim, 1","2","Cachorro","1-3","Pequeno","Pets sem raça definida","Não","3","1","Não","3","Não","Adote, não compre!"
"2020/03/31 9:11:12 AM GMT-3","18 anos - 25 anos","Feminino","Assistente de Ginástica Rítmica, 6 horas","1501 até 2000 reais","Sim, 3","Casa","Sim","10","10","Sim","Sim","Não","2","Cachorro","Filhote","Grande","Ambos","Não possuo opinião definida","5","5","Talvez","5","Sim",""
"2020/03/31 9:11:34 AM GMT-3","18 anos - 25 anos","Masculino","Não","1500 reais ou menos","Sim, 1","Apartamento","Não","10","4","Sim","Não","Não","1","Cachorro","Filhote","Mini","Ambos","Sim","2","10","Talvez","4","Sim",""
"2020/03/31 9:13:38 AM GMT-3","26 anos - 35 anos","Feminino","Bancária, 30h","2001 até 3000 reais","Sim, 3","Casa","Não","6","6","Sim","Sim","Sim, 2","2","Coelho","Filhote","Pequeno","Pets sem raça definida","Não possuo opinião definida","2","1","Não","1","Sim",""
"2020/03/31 9:15:23 AM GMT-3","18 anos - 25 anos","Feminino","Escritório de contabilidade, 44 horas semanais","1500 reais ou menos","Sim, 3","Casa","Sim","9","3","Sim","Sim","Sim, 1","3","Cachorro","Filhote","Pequeno","Ambos","Não possuo opinião definida","4","3","Não","5","Sim",""
"2020/03/31 9:16:48 AM GMT-3","26 anos - 35 anos","Feminino","Sim. 20h","1500 reais ou menos","Sim, 2","Apartamento","Não","10","1","Sim","Não","Sim, 1","2","Cachorro","Filhote","Pequeno","Ambos","Não possuo opinião definida","5","8","Talvez","5","Sim",""
"2020/03/31 9:19:08 AM GMT-3","36 - 45 anos","Masculino","49","mais de 4000 reais","Sim, 3","Casa","Não","7","7","Sim","Não","Sim, 2","1","Gato","Filhote","Médio","Ambos","Não possuo opinião definida","5","4","Não","3","Sim",""
"2020/03/31 9:20:53 AM GMT-3","45 ou mais","Masculino","Sim, Assalariado, 44 horas semanal","mais de 4000 reais","Sim, 3","Apartamento","Não","10","7","Sim","Sim","Sim, 1","1","Cavalo","Filhote","Médio","Ambos","Sim","3","5","Não","2","Não",""
"2020/03/31 9:30:28 AM GMT-3","26 anos - 35 anos","Feminino","Técnica de enfermagem mais 220 horas semanais","1501 até 2000 reais","Sim, 1","Casa","Sim","10","8","Sim","Sim","Sim, 2","2","Cachorro e calopsita","3-5","Pequeno","Ambos","Não possuo opinião definida","4","7","Sim","3","Sim",""
"2020/03/31 9:39:20 AM GMT-3","45 ou mais","Feminino","Professora 24 horad","2001 até 3000 reais","Sim, 1","Apartamento","Sim","10","10","Sim","Sim","Sim, 2","5","Cachorro","1-3","Médio","Pets sem raça definida","Não","5","6","Talvez","3","Sim",""
"2020/03/31 9:42:46 AM GMT-3","45 ou mais","Masculino","Professora","3001 até 4000 reais","Sim, 2","Apartamento","Sim","10","1","Sim","Sim","Sim, 1","2","gato","Filhote","Médio","Pets sem raça definida","Não","5","8","Talvez","3","Sim","Parabéns pela pesquisar, deve gerar bons frutos."
"2020/03/31 9:45:00 AM GMT-3","18 anos - 25 anos","Masculino","Programador","1501 até 2000 reais","Sim, 3","Casa","Sim","10","10","Sim","Não","Não","3","Calopsita","Filhote","Pequeno","Ambos","Não possuo opinião definida","4","8","Sim","5","Sim",""
"2020/03/31 9:46:10 AM GMT-3","26 anos - 35 anos","Masculino","Sim. Empresário
","2001 até 3000 reais","Sim, 3","Casa","Sim","6","10","Sim","Não","Sim, 3","4","Leao","1-3","Grande","Pets de Raça","Sim","4","5","Não","3","Não",""
"2020/03/31 9:54:02 AM GMT-3","18 anos - 25 anos","Masculino","Panificadora, de segunda a sexta","1500 reais ou menos","Sim, 4 ou mais","Casa","Sim","10","7","Sim","Sim","Sim, 4 ou mais","5","Cachorro","3-5","Grande","Ambos","Não","5","5","Talvez","5","Sim",""
"2020/03/31 9:55:57 AM GMT-3","18 anos - 25 anos","Feminino","Sim, estágio de 20 horas semanais","1500 reais ou menos","Sim, 2","Casa","Sim","10","7","Sim","Sim","Sim, 2","6","Cachorro","Filhote","Médio","Ambos","Não","5","9","Talvez","5","Sim",""
"2020/03/31 9:57:44 AM GMT-3","45 ou mais","Feminino","Professora 25 hrs","2001 até 3000 reais","Não","Apartamento","Não","10","6","Sim","Sim","Não","1","Cachorro ","Filhote","Pequeno","Ambos","Não","5","8","Talvez","3","Sim",""
"2020/03/31 10:00:38 AM GMT-3","18 anos - 25 anos","Feminino","Não ","","Sim, 2","Casa","Sim","10","8","Sim","Não","Sim, 1","4","Cachorro","5-8","Pequeno","Pets sem raça definida","Não","5","5","Não","4","Sim",""
"2020/03/31 10:05:35 AM GMT-3","36 - 45 anos","Feminino","Servidor público 40h","mais de 4000 reais","Sim, 1","Apartamento","Sim","5","5","Sim","Não","Não","1","Cachorro","Filhote","Pequeno","Pets de Raça","Sim","3","3","Não","3","Sim",""
"2020/03/31 10:07:23 AM GMT-3","18 anos - 25 anos","Feminino","Médica veterinária, 20hs","1500 reais ou menos","Sim, 2","Casa","Não","10","10","Sim","Sim","Sim, 1","10","Cachorro","Filhote","Pequeno","Ambos","Sim","5","10","Não","5","Não",""
"2020/03/31 10:11:19 AM GMT-3","18 anos - 25 anos","Masculino","Não ","1500 reais ou menos","Sim, 2","Apartamento","Não","8","4","Sim","Sim","Sim, 1","2","Cachorro ","Filhote","Grande","Pets de Raça","Não possuo opinião definida","4","4","Sim","5","Sim",""
"2020/03/31 10:29:19 AM GMT-3","18 anos - 25 anos","Masculino","Farmácia 44h semanais","2001 até 3000 reais","Sim, 1","Casa","Sim","10","10","Sim","Sim","Sim, 1","3","Cães, Gatos, Aves","Filhote","Grande","Ambos","Não possuo opinião definida","1","3","Talvez","5","Sim",""
"2020/03/31 10:30:38 AM GMT-3","26 anos - 35 anos","Masculino","Designer de moda, 35","2001 até 3000 reais","Sim, 1","Casa","Sim","10","10","Sim","Sim","Sim, 1","7","Não tenho preferência","1-3","Mini","Ambos","Não possuo opinião definida","5","5","Sim","5","Sim","Boa ideia"
"2020/03/31 10:30:50 AM GMT-3","18 anos - 25 anos","Masculino","Trabalho como feirante aos dias de sábado na feira local, geralmente das 3 às 11h","1501 até 2000 reais","Sim, 4 ou mais","Casa","Não","7","7","Sim","Sim","Não","2","Gato","Filhote","Pequeno","Ambos","Sim","5","10","Não","5","Sim",""
"2020/03/31 10:40:55 AM GMT-3","26 anos - 35 anos","Masculino","Sim, drogaria. 44 horas semanais","3001 até 4000 reais","Sim, 1","Apartamento","Não","10","8","Sim","Sim","Sim, 1","2","Cachorro","Filhote","Mini","Ambos","Não possuo opinião definida","1","6","Talvez","5","Sim","Obrigado! Que novos lares possam ser concedidos a esses amigos tão dedicados."
"2020/03/31 10:41:18 AM GMT-3","18 anos - 25 anos","Feminino","Não trabalho","1500 reais ou menos","Sim, 4 ou mais","Apartamento","Não","6","6","Não","Não","Não","2","Gato/cachorro","Filhote","Grande","Ambos","Não possuo opinião definida","3","7","Sim","5","Sim",""
"2020/03/31 10:41:41 AM GMT-3","45 ou mais","Masculino","Professor","mais de 4000 reais","Sim, 3","Casa","Não","10","1","Sim","Sim","Sim, 1","2","cachorros","Filhote","Médio","Ambos","Não","5","2","Não","5","Sim",""
"2020/03/31 10:43:01 AM GMT-3","26 anos - 35 anos","Masculino","Empreesa44h semanais","2001 até 3000 reais","Sim, 2","Apartamento","Sim","3","1","Sim","Não","Não","1","Peixe (aquario)","Filhote","Pequeno","Ambos","Não possuo opinião definida","3","3","Não","2","Sim",""
"2020/03/31 10:46:45 AM GMT-3","36 - 45 anos","Feminino","Professora, 125h/s","1501 até 2000 reais","Sim, 1","Casa","Não","10","1","Sim","Sim","Sim, 1","2","Cachorro e gato","Filhote","Pequeno","Pets sem raça definida","Não","5","6","Não","5","Sim","Parabéns pela iniciativa"
"2020/03/31 10:46:45 AM GMT-3","18 anos - 25 anos","Feminino","Não, não possuo renda, meus pais me ajudam","","Não","Apartamento","Sim","10","4","Sim","Sim","Sim, 1","4","Gato ","1-3","Pequeno","Ambos","Não possuo opinião definida","5","5","Sim","2","Não",""
"2020/03/31 10:49:57 AM GMT-3","45 ou mais","Masculino","Aposentado","mais de 4000 reais","Sim, 1","Apartamento","Sim","10","5","Sim","Não","Não","2","Gato e cao","Filhote","Grande","Pets de Raça","Sim","5","3","Talvez","3","Não",""
"2020/03/31 10:53:44 AM GMT-3","36 - 45 anos","Feminino","Sim. Escola 44h semanal","1500 reais ou menos","Sim, 1","Apartamento","Não","1","1","Não","Não","Não","1","Nao tenho animal preferido","Filhote","Médio","Pets de Raça","Não possuo opinião definida","2","4","Não","3","Sim",""
"2020/03/31 10:53:51 AM GMT-3","36 - 45 anos","Feminino","Executiva de contas. Fico visitando na rua. Não tem uma carga horária específica ","3001 até 4000 reais","Sim, 4 ou mais","Apartamento","Não","10","10","Sim","Sim","Sim, 3","4","Gato","1-3","Pequeno","Ambos","Não","5","5","Talvez","5","Sim",""
"2020/03/31 10:57:10 AM GMT-3","36 - 45 anos","Feminino","Sim, produção de eventos freelancer ","2001 até 3000 reais","Sim, 3","Apartamento","Não","8","5","Sim","Não","Não","1","Cachorro","Filhote","Mini","Ambos","Sim","5","3","Não","5","Sim",""
"2020/03/31 11:27:50 AM GMT-3","45 ou mais","Feminino","Do Lar 6 hs","2001 até 3000 reais","Sim, 2","Apartamento","Não","9","1","Sim","Não","Não","1","Cachorro ","Filhote","Pequeno","Ambos","Sim","3","1","Não","5","Não",""
"2020/03/31 11:28:28 AM GMT-3","36 - 45 anos","Masculino","Desenvolvedor de softwares e games, 130h / semana","mais de 4000 reais","Sim, 2","Apartamento","Sim","9","8","Sim","Sim","Não","2","Cachorro","Filhote","Mini","Ambos","Não possuo opinião definida","5","10","Não","5","Sim",""
"2020/03/31 11:37:12 AM GMT-3","45 ou mais","Masculino","Não","3001 até 4000 reais","Sim, 1","Apartamento","Não","10","10","Sim","Sim","Sim, 2","1","Cachorro","Filhote","Pequeno","Ambos","Não","5","5","Talvez","1","Sim","Espero que tenha contribuído para a pesquisa"
"2020/03/31 11:38:10 AM GMT-3","26 anos - 35 anos","Masculino","Professor ","3001 até 4000 reais","Sim, 2","Apartamento","Sim","10","5","Sim","Sim","Sim, 1","2","Cachorro ","Filhote","Médio","Pets de Raça","Sim","5","7","Não","5","Sim","Adorei a pesquisa. Espero que criem um centro de adoção online. Seria fantástico "
"2020/03/31 11:41:49 AM GMT-3","36 - 45 anos","Masculino","Designer/diretor de arte 40 horas semanais, as vezes mais","3001 até 4000 reais","Sim, 1","Apartamento","Não","10","10","Sim","Sim","Sim, 2","3","Cachorro","1-3","Grande","Ambos","Não","5","10","Não","5","Sim",""
"2020/03/31 11:46:23 AM GMT-3","36 - 45 anos","Feminino","Sim. Economia. 10 horas por dia.","mais de 4000 reais","Sim, 1","Apartamento","Sim","8","1","Sim","Não","Sim, 1","2","Cachorro ","1-3","Pequeno","Pets de Raça","Não possuo opinião definida","3","5","Talvez","2","Não",""
"2020/03/31 11:49:28 AM GMT-3","18 anos - 25 anos","Feminino","Autônomo ","1501 até 2000 reais","Sim, 1","Apartamento","Sim","10","1","Sim","Sim","Sim, 1","3","Cachorro ","1-3","Pequeno","Pets sem raça definida","Não","5","8","Talvez","5","Sim",""
"2020/03/31 11:53:44 AM GMT-3","36 - 45 anos","Feminino","Dona de casa","2001 até 3000 reais","Sim, 3","Apartamento","Sim","10","8","Sim","Sim","Sim, 2","2","Cachorro ","3-5","Mini","Pets sem raça definida","Não","5","5","Talvez","5","Sim",""
"2020/03/31 12:03:21 PM GMT-3","18 anos - 25 anos","Feminino","Não ","1500 reais ou menos","Sim, 4 ou mais","Casa","Não","10","10","Sim","Não","Não","2","Gato ","Filhote","Médio","Ambos","Não","3","7","Sim","5","Sim",""
"2020/03/31 12:19:09 PM GMT-3","26 anos - 35 anos","Feminino","Sim. Professora. ","1501 até 2000 reais","Sim, 1","Casa","Não","10","5","Não","Não","Não","1","Cachorro","Filhote","Pequeno","Ambos","Não possuo opinião definida","5","9","Não","3","Sim",""
"2020/03/31 12:23:04 PM GMT-3","36 - 45 anos","Feminino","Sim 40 hs semanais","1500 reais ou menos","Sim, 4 ou mais","Apartamento","Não","5","1","Sim","Sim","Não","1","Cachorro","Filhote","Pequeno","Pets sem raça definida","Não possuo opinião definida","3","2","Não","3","Não",""
"2020/03/31 12:25:34 PM GMT-3","18 anos - 25 anos","Feminino","Não","1501 até 2000 reais","Sim, 3","Apartamento","Sim","10","10","Sim","Não","Não","3","Cachorro","1-3","Médio","Ambos","Não","5","8","Sim","5","Sim",""
"2020/03/31 12:26:50 PM GMT-3","18 anos - 25 anos","Feminino","Não","1500 reais ou menos","Sim, 2","Casa","Não","9","10","Sim","Sim","Sim, 1","3","Guaxinim que","1-3","Pequeno","Ambos","Sim","5","5","Sim","5","Sim",""
"2020/03/31 12:47:20 PM GMT-3","26 anos - 35 anos","Feminino","Aux.secretaria 30 hrs","1500 reais ou menos","Sim, 1","Casa","Sim","8","5","Sim","Sim","Sim, 3","2","Cachorro","1-3","Médio","Pets sem raça definida","Não possuo opinião definida","5","8","Sim","3","Não",""
"2020/03/31 12:47:36 PM GMT-3","45 ou mais","Feminino","Ti 5 dias","mais de 4000 reais","Sim, 4 ou mais","Apartamento","Não","6","8","Sim","Não","Sim, 1","1","Cachorro","Filhote","Pequeno","Pets de Raça","Não","3","8","Sim","3","Sim",""
"2020/03/31 1:12:28 PM GMT-3","36 - 45 anos","Feminino","sim.","2001 até 3000 reais","Sim, 2","Casa","Não","10","9","Sim","Sim","Sim, 1","2","CACHORRO","Filhote","Pequeno","Ambos","Não","4","7","Talvez","5","Sim",""
"2020/03/31 1:25:05 PM GMT-3","45 ou mais","Masculino","Autônomo. Empresa de tecnologia. 8/18h","mais de 4000 reais","Sim, 1","Apartamento","Sim","10","5","Sim","Sim","Não","2","Gato","Filhote","Pequeno","Ambos","Sim","2","10","Sim","3","Sim",""
"2020/03/31 1:31:46 PM GMT-3","45 ou mais","Feminino","Sim, Tecnologia da Informação. 44hs","mais de 4000 reais","Sim, 3","Apartamento","Não","6","2","Sim","Não","Não","1","Cachorro","1-3","Médio","Ambos","Sim","2","8","Não","4","Sim",""
"2020/03/31 1:36:55 PM GMT-3","45 ou mais","Masculino","Tecnico de informática","2001 até 3000 reais","Sim, 1","Casa","Sim","10","3","Sim","Sim","Sim, 1","1","Cao","Filhote","Médio","Ambos","Não possuo opinião definida","1","1","Não","4","Sim","Os animais sao muito dece com quem os trara bem.."
"2020/03/31 1:49:02 PM GMT-3","18 anos - 25 anos","Masculino","Não","1500 reais ou menos","Sim, 4 ou mais","Casa","Não","8","8","Sim","Sim","Não","3","Pássaros","Filhote","Pequeno","Ambos","Não possuo opinião definida","4","10","Não","4","Sim",""
"2020/03/31 2:08:02 PM GMT-3","36 - 45 anos","Feminino","Sim. Professora. 50 horas.","3001 até 4000 reais","Sim, 3","Casa","Sim","10","5","Sim","Não","Sim, 2","2","Gato","Filhote","Pequeno","Pets de Raça","Sim","3","3","Não","5","Não","Já tenho pet suficiente. Não pretendo adotar."
"2020/03/31 2:09:29 PM GMT-3","26 anos - 35 anos","Feminino","Supervisor farmácia, 8 horas por dia.","2001 até 3000 reais","Sim, 3","Casa","Não","10","5","Sim","Não","Sim, 1","2","Cachorro","Filhote","Pequeno","Ambos","Não possuo opinião definida","5","5","Não","5","Sim",""
"2020/03/31 2:19:26 PM GMT-3","26 anos - 35 anos","Feminino","Professora/ 40h","mais de 4000 reais","Sim, 2","Casa","Não","10","1","Sim","Sim","Sim, 1","2","Cachorro","1-3","Médio","Pets sem raça definida","Não","2","3","Não","3","Sim",""
"2020/03/31 2:57:50 PM GMT-3","18 anos - 25 anos","Masculino","Sim. Estágio. 6h ","1500 reais ou menos","Sim, 4 ou mais","Casa","Sim","10","1","Sim","Não","Sim, 2","3","Cachorro ","1-3","Médio","Ambos","Não possuo opinião definida","5","10","Não","4","Sim",""
"2020/03/31 3:14:56 PM GMT-3","26 anos - 35 anos","Masculino","Sim. Designer de interiores,  48 horas semanais ","1501 até 2000 reais","Sim, 1","Apartamento","Não","10","10","Sim","Sim","Sim, 1","3","Gato, coruja, lobo.","Filhote","Pequeno","Ambos","Não possuo opinião definida","5","5","Não","5","Não",""
"2020/03/31 4:17:30 PM GMT-3","45 ou mais","Feminino","Sim - Professora Séries Finais do Ensino Fundamental ","2001 até 3000 reais","Sim, 3","Casa","Não","10","10","Sim","Sim","Sim, 1","2","Cavalo","Filhote","Pequeno","Ambos","Não possuo opinião definida","2","4","Não","5","Sim","Motivo da pesquisa?"
"2020/03/31 5:20:12 PM GMT-3","45 ou mais","Feminino","Autônoma ","2001 até 3000 reais","Sim, 1","Apartamento","Não","10","1","Sim","Não","Não","1","Cachorro","Filhote","Pequeno","Ambos","Não","1","1","Não","5","Não",""
"2020/03/31 5:29:13 PM GMT-3","18 anos - 25 anos","Feminino","Sim, trabalho integral","1500 reais ou menos","Sim, 1","Apartamento","Não","10","8","Sim","Sim","Não","2","Doguinhos","Filhote","Médio","Ambos","Não","5","5","Sim","5","Sim",""
"2020/03/31 7:12:11 PM GMT-3","36 - 45 anos","Masculino","Desenvolvedor de Software em tempo integral (40h/semana)","mais de 4000 reais","Sim, 1","Apartamento","Sim","10","6","Sim","Sim","Não","1","Cachorro","1-3","Grande","Ambos","Não possuo opinião definida","2","7","Não","3","Sim",""
"2020/03/31 7:15:44 PM GMT-3","18 anos - 25 anos","Masculino","Suporte remoto para empresas (TI)","1501 até 2000 reais","Sim, 1","Casa","Sim","10","6","Sim","Sim","Sim, 1","3","Cães","Filhote","Grande","Ambos","Sim","2","9","Sim","4","Sim",""
"2020/03/31 7:46:35 PM GMT-3","26 anos - 35 anos","Feminino","Sim, contabilidade, 44h semanais","2001 até 3000 reais","Sim, 1","Apartamento","Não","8","1","Sim","Não","Não","1","Gato","Filhote","Pequeno","Pets de Raça","Sim","4","6","Não","5","Sim",""
"2020/03/31 8:30:26 PM GMT-3","18 anos - 25 anos","Masculino","Servidor público,  6h diaria","1500 reais ou menos","Sim, 1","Casa","Não","10","10","Sim","Sim","Sim, 4 ou mais","6","Dog","Filhote","Grande","Ambos","Não","5","10","Sim","3","Sim",""
"2020/03/31 8:34:45 PM GMT-3","18 anos - 25 anos","Feminino","Não","","Sim, 3","Casa","Sim","7","2","Sim","Não","Sim, 1","2","Não tenho","1-3","Pequeno","Ambos","Não","5","10","Não","5","Sim",""
"2020/03/31 8:35:17 PM GMT-3","26 anos - 35 anos","Masculino","Sim","1500 reais ou menos","Sim, 2","Casa","","8","1","Sim","Sim","Sim, 1","2","Cachorro","Filhote","Grande","Pets de Raça","Sim","4","6","Sim","5","Sim",""